	sr	high	medium	acceptable	incorrect
top1	0.3023255813953488	0.23255813953488372	0.3023255813953488	0.3023255813953488	0.6976744186046512
top5	0.4883720930232558	0.27906976744186046	0.41860465116279066	0.4883720930232558	0.5116279069767442
top10	0.5116279069767442	0.27906976744186046	0.46511627906976744	0.5116279069767442	0.4883720930232558
top25	0.5581395348837209	0.27906976744186046	0.5116279069767442	0.5581395348837209	0.4418604651162791
