	sr	high	medium	acceptable	incorrect
top1	0.23255813953488372	0.09302325581395349	0.13953488372093023	0.23255813953488372	0.7674418604651163
top2	0.23255813953488372	0.11627906976744186	0.13953488372093023	0.23255813953488372	0.7674418604651163
top3	0.23255813953488372	0.11627906976744186	0.16279069767441862	0.23255813953488375	0.7674418604651163
top4	0.23255813953488372	0.13953488372093023	0.16279069767441862	0.23255813953488375	0.7674418604651163
top5	0.23255813953488372	0.13953488372093023	0.16279069767441862	0.23255813953488375	0.7674418604651163
top10	0.2558139534883721	0.13953488372093023	0.16279069767441862	0.2558139534883721	0.7441860465116279
top15	0.27906976744186046	0.13953488372093023	0.16279069767441862	0.27906976744186046	0.7209302325581395
top25	0.27906976744186046	0.13953488372093023	0.16279069767441862	0.27906976744186046	0.7209302325581395
